dependency, id_estado_obra, num, municipio, categoria, obra, empresa, numero_contrato, monto_contrato, inicio_obra_segun_contrato, termino_obra_segun_contrato, fecha_pago_anticipo, monto_anticipo, fecha_convenio_ampliacion_obra, convenio_ampliacion_economico, monto_contrato_final, total_pagado, anticipo_pendiente_amortizar, avance_financiero, avance_fisico_verificado_por_la_contraloria, entregada_al_beneficiario, fecha_de_verificacion_contraloria, estatus_verificado_por_la_contraloria,,,,,
1,0,1,AGUALEGUAS,REMODELACIÓN,"MEJORAMIENTO DE CANCHA POLIDEPORTIVA EN LA COMUNIDAD LA ESCONDIDA EN EL MUNICIPIO DE AGUALEGUAS, N.L.","CONSTRUCTORA TREVIÑO GARCIA, SA DE CV",17-06-004            ,"$990,644.48",30-Jun-17,27-Nov-17,25-Aug-17,"$198,128.90",21-Mar-18,"$144,712.99","$1,135,357.47"," $ 1,135,357.47 ",$0.00,100%,100%,NO ENTREGADA,18-Sep-18,OBRA TERMINADA
1,0,2,CADEREYTA,MANTENIMIENTO,"REHABILITACION  EN EL SISTEMA DE SEMAFORIZACION EN DIVERSAS CALLES DE LA CABECERA MUNICIPAL DE CADEREYTA JIMENEZ,N.L.",SERVICIOS PRIMARIOS GUERRA SA DE CV,18-03-013                                 ,"$1,685,298.06",4-Oct-18,9-Jun-18,5-Aug-18,"$505,589.42",28-Sep-18,"-$42,690.14","$1,642,607.92"," $ 1,642,607.91 ",$0.00,100%,100%,NO ENTREGADA,18-Sep-18,OBRA TERMINADA
1,0,3,CADEREYTA,MANTENIMIENTO,"MEJORA DE UNIDAD DEPORTIVA ALFONSO MARTINEZ DOMINGUEZ EN CADEREYTA, N.L.",ING. HECTOR JESUS BUENDIA MORENO,17-06-006                 ,"$1,222,386.02",7-Apr-17,30-Nov-17,19-Jul-17,"$244,477.20",18-May-18,"$328,433.42","$1,550,819.44"," $ 1,550,819.42 ",$0.00,100%,100%,NO ENTREGADA,19-Sep-18,OBRA TERMINADA
1,0,4,CHINA,MANTENIMIENTO,"REHABILITACION DE UNIDAD DEPORTIVA RAUL GONZALEZ EN EL MUNICIPIO DE CHINA,N.L.",RODADA CONSTRUCCIONES SA DE CV,18-03-001                   ,"$7,905,918.83",20-Mar-18,15-Sep-18,16-Mar-18,"$2,371,775.64","18-jul-18
14-dic-18","$2,377,073.01","$10,282,991.84"," $ 10,273,700.07 ",$0.00,100%,100%,NO ENTREGADA,13-Dec-18,OBRA TERMINADA
1,0,5,CHINA,RECONSTRUCCIÓN,"RECONSTRUCCION  Y MEJORAS EN CAPILLAS VELATORIAS, CHINA, N.L.","CONSTRUCCIONES GARCIA GUERRA,SA DE CV",17-06-007,"$2,394,251.09",11-Jul-17,8-Oct-17,8-Aug-17,"$478,850.22",21-Dec-18,"$550,009.65","$2,944,260.74"," $ 2,938,983.84 ",$0.00,100%,100%,NO ENTREGADA,19-Sep-18,OBRA TERMINADA
1,0,6,ESCOBEDO,MANTENIMIENTO,"MEJORAS EN LA RED DE ALUMBRADO PÚBLICO EN LA COLONIA ALIANZA REAL, ESCOBEDO, N.L.","SERVICIOS PRIMARIOS GUERRA, SA DE CV",18-01-003               ,"$12,424,396.85",9-Feb-18,7-Aug-18,23-Feb-18,"$3,727,319.06",30-Nov-18,"$3,095,385.08","$15,519,781.93"," $ 15,519,781.93 ",$0.00,100%,100%,NO ENTREGADA,21-Nov-18,OBRA TERMINADA
1,0,7,ESCOBEDO,CONSTRUCCIÓN,"CONSTRUCCION DE LA UNIDAD DE ESPECIALIDADES MEDICAS EN CIRUGIA AMBULATORIA, AVE CONSTITUCION ESQUINA CON AVE ART 27 S/N COL. PRIVADAS DE CAMINO REAL II, ESCOBEDO , N.L.","BUFFETE DE OBRAS, SERVICIOS Y SUMINISTROS, SA DE CV",17-09-011                                ,"$44,548,620.79",15-Sep-17,31-Mar-18,10-Oct-17,"$8,909,724.15",SIN CONVENIO,"$15,545,092.37","$60,093,713.16"," $ 60,093,621.37 ",$0.01,100%,100%,NO ENTREGADA,6-Mar-19,OBRA TERMINADA
1,0,8,ESCOBEDO,PAVIMENTACIÓN,"PAVIMENTACIÓN DE LAS CALLES GOMEZ PALACIOS, DELICIAS, AGUASCALIENTES, ACUÑA PTE, ACUÑA OTE, CAMPECHE, SAN SALVADOR, SALVATIERRA, TEQUILA, Y ATOYAC EN LA COLONIA ALIANZA REAL, ESCOBEDO, N.L.",GUAJARDO Y ASOCIADOS CONSTRUCTORA SA DE CV,18-09-001                   ,"$11,823,235.05",20-Sep-18,30-Dec-18,21-Sep-18,"$3,546,970.51",SIN CONVENIO,"$873,944.85","$12,697,179.90"," $ 12,697,179.90 ",$0.00,100%,100%,NO ENTREGADA,7-Mar-19,OBRA TERMINADA
1,0,9,ESCOBEDO,CONSTRUCCIÓN,,CONSTRUCTORA Y URBANIZADORA JEFE SA DE CV,18-03-011                         ,"$5,638,118.88",25-Apr-18,18-Sep-18,24-Apr-18,"$1,691,435.66","CONVEN ATRASO ANTICIPO 07/JUN/18                                 CONVE MODIF FECHA 
14/AGO/18","$1,011,481.31","$6,649,600.19"," $ 5,485,541.77 ","$56,370.86",82%,100%,NO ENTREGADA,8-Mar-19,OBRA TERMINADA
1,0,10,GARCIA,RESTAURACIÓN,"RESTAURACION Y ADECUACIÓN DE EX. HACIENDA SAN JUAN BUENAVISTA EN GARCIA,N.L.","KABATAS, SA DE CV",18-01-002                 ,"$24,579,207.85",5-Feb-18,2-Oct-18,2-Feb-18,"$7,373,762.35","03-ago-18
03-oct-18","$5,446,030.43","$30,025,238.28"," $ 30,025,238.29 ",$0.00,100%,100%,NO ENTREGADA,21-Nov-18,OBRA TERMINADA
1,0,11,HIDALGO,PAVIMENTACIÓN,PAVIMENTACIÓN DE DIVERSAS CALLES DE  LA COLONIA HIDALGO,EDIFICACIONES   Y TERRACERIAS DEL NORTE SA DE CV,18-09-002                         ,"$2,575,402.30",19-Sep-18,20-Dec-18,1-Oct-18,"$772,620.69",19-Dec-18,"$15,590.69","$2,590,992.99"," $ 2,590,992.99 ",$0.00,100%,100%,NO ENTREGADA,27-Dec-18,OBRA TERMINADA
1,0,12,HIGUERAS,CONSTRUCCIÓN,"CONSTRUCCIÓN DE RED DE DRENAJE SANITARIO EN DIVERSAS CALLES DE LA COL. RUPERTO MARTÍNEZ, HIGUERAS, N.L.",MT EXCAVA Y CONSTRUYE SA DE CV,18-07-002                    ,"$3,887,503.96",7-Aug-18,24-Dec-18,8-Aug-18,"$1,166,251.19",11-Dec-18,"$96,300.78","$3,983,804.74"," $ 3,983,804.73 ",$0.00,100%,100%,NO ENTREGADA,26-Dec-18,OBRA TERMINADA
1,0,13,LOS RAMONES,MANTENIMIENTO,"MEJORAS EN EL PALACIO MUNICIPAL DE RAMONES, N.L.","ODEVISA, S.A DE C.V.",17-07-001                                        ,"$1,036,314.21",12-Jul-17,8-Nov-17,21-Sep-17,"$207,262.84","30-ene-18
20abr-18","$61,314.12","$1,097,628.33"," $ 1,081,213.90 ",$0.00,99%,100%,NO ENTREGADA,19-Sep-18,OBRA TERMINADA
1,0,14,MINA,RECONSTRUCCIÓN,"RECONSTRUCCIÓN  EN COMANDANCIA MUNICIPAL DE MINA, N.L.","KABATAS, SA DE CV",17-06-012                                  ,"$1,246,389.10",12-Jul-17,9-Oct-17,8-Aug-17,"$249,277.82",26-Apr-18,"-$30,506.19","$1,215,882.91"," $ 1,215,882.22 ",$0.00,100%,100%,NO ENTREGADA,18-Sep-18,OBRA TERMINADA
1,0,15,MONTERREY,CONSTRUCCIÓN,"TRABAJOS EJECUTADOS NO CONSIDERADOS EN LOS ALCANCES DEL CONTRATO 13-11-001 MIXTO EN SU PARTE CELEBRADO A PRECIO ALZADO PARA LA CONSTRUCCION DE VIADUCTO,ESTACIONES,VIA Y CATENARIA (OBRA ELECTROMECANICA) PARA LA LINEA 3 DEL METRO A INTERCONEXION CON LINEAS EXISTENTES EN MONTERREY,N.L.",ALSTOM MEXICANA SA DE CV,18-04-006                         ,"$12,163,119.69",21-Jan-14,31-Mar-17,SIN ANTICIPO,$0.00,SIN CONVENIO,SIN CONVENIO,"$12,163,119.15"," $ 12,159,727.25 ",$0.00,100%,100%,NO ENTREGADA,10-Oct-18,OBRA TERMINADA
1,0,16,MONTERREY,EQUIPAMIENTO,"COLOCACION DE ILUMINACION EN EL ESTADIO NUEVO LEON EN EL MUNICIPIO DE MONTERREY,N.L.","DESARROLLO OBRAS Y SERVICIOS CHAPA, SA DE CV",18-03-005                                ,"$3,354,669.77",29-Mar-18,26-Jul-18,4-Apr-18,"$1,006,400.92",SIN CONVENIO,"$192,932.67","$3,547,602.44"," $ 3,547,602.39 ",$0.00,100%,100%,NO ENTREGADA,24-Sep-18,OBRA TERMINADA
1,0,17,MONTERREY,MANTENIMIENTO,"REHABILITACION FUNCIONAL DE PAVIMENTO CALLE ZUAZUA Y CALLE DR. COSS ENTRE 5 DE MAYO Y  JUAN I. RAMON EN EL CENTRO DE MONTERREY,N.L-",JOSSE BAUDELIO LUNA MENDOZA,18-06-001                     ,"$1,406,448.59",18-Jun-18,16-Aug-18,14-Aug-18,"$421,934.56",SIN CONVENIO,SIN CONVENIO,"$1,406,448.59"," $ 1,397,335.04 ",$0.00,99%,100%,NO ENTREGADA,19-Sep-18,OBRA TERMINADA
1,0,18,MONTERREY,CONSTRUCCIÓN,"CONSTRUCCION DE BARRERA EN CORREDOR SOLIDARIDAD EN LA COLONIA RINCON DE LA PRIMAVERA EN EL MUNICIPIO DE MONTERREY,N.L.","EFERTEC INDUSTRIAL, SA DE CV",17-11-013            ,"$1,020,897.94",15-Dec-17,13-May-18,19-Dec-17,"$204,179.58",1-Oct-18,"$56,906.45","$1,077,804.39"," $ 1,074,909.54 ",$0.00,100%,100%,NO ENTREGADA,18-Sep-18,OBRA TERMINADA
1,0,19,MONTERREY,CONSTRUCCIÓN,"CONSTRUCCION DE DOS IMBORNALES PARA EL SISTEMA DE DRENAJE PLUVIAL EN LA CALLE LUIS G URBINA EN LA COL. TERMINAL, MUNICIPIO DE  MONTERREY.N.L.",PORTAFOLIOS DE SOLUCIONES ESTRATEGICAS INDUSTRIALES SA DE CV,17-10-001,"$288,388.17",19-Oct-17,17-Mar-18,SIN ANTICIPO,$0.00,SIN CONVENIO,SIN CONVENIO,"$288,388.17", $ -   ,$0.00,0%,100%,NO ENTREGADA,18-Sep-18,OBRA TERMINADA
1,0,20,MONTERREY,CONSTRUCCIÓN,CONSTRUCCIÓN DE AULAS PARA EDUCACIÓN DE LA NUEVAS GENERACIONES EN INDUSTRIAS 4.0,"CONSTRUCCIONES Y URBANIZACIONES ALVIZURI, S.A. DE C.V.",18-12-005,"$2,785,466.72",6-Dec-18,2-Feb-19,27-Dec-18,"$835,640.01",26-Feb-19,"$211,820.17","$2,997,286.89","$2,990,759.83",$0.00,100%,100%,ENTREGADA,2-Apr-19,OBRA TERMINADA
1,0,21,SABINAS HIDALGO,CONSTRUCCIÓN,"CONSTRUCCION DE CANCHA DE FUTBOL 7 EN EL MUNICIPO DE SABINAS HIDALGO,N.L.","NUEVE NOVENTA CONSTRUCCIONES,SA. DE CV",18-03-003                           ,"$2,230,755.66",21-Mar-18,18-Jul-18,4-Apr-18,"$669,226.69",24-Jan-19,"$200,015.54","$2,430,771.20"," $ 2,358,357.95 ",$0.00,97%,100%,NO ENTREGADA,21-Sep-18,OBRA TERMINADA
1,0,22,SANTIAGO,CONSTRUCCIÓN,"CONSTRUCCION DE ALUMBRADO PUBLICO EN LA CARRETERA EL CERCADO- LAGUNA DE SANCHEZ DEL KM 0+000 AL KM 6+000 EN EL MUNICIPIO DE SANTIAGO ,N.L.","DESARROLLO OBRAS Y SERVICIOS CHAPA, SA DE CV",18-04-001                                  ,"$5,254,961.16",10-Apr-18,6-Oct-18,24-Apr-18,"$1,576,488.34",6-Mar-19,"$659,089.34","$5,914,050.50"," $ 4,942,414.51 ","$115,472.90",84%,100%,NO ENTREGADA,27-Dec-18,OBRA TERMINADA
1,0,23,SANTIAGO,CONSTRUCCIÓN,"CONSTRUCCION DE PAVIMENTO HIDRAULICO EN LA CALLE  RANGEL FRIAS EN EL MUNICIPIO DE SANTIAGO,N.L.",CONSTRUCCIONES GARCIA GARZA  SA DE CV,18-03-004                     ,"$910,116.86",17-Apr-18,14-Aug-18,17-Apr-18,"$273,035.05","CONVENIO ATRASO ANTICIPO   
18/JUL/18",SIN CONVENIO,"$910,115.96"," $ 910,115.96 ",$0.00,100%,100%,NO ENTREGADA,25-Sep-18,OBRA TERMINADA
1,0,24,VALLECILLO,REMODELACIÓN,"REMODELACION DE COMEDOR COMUNITARIO  EN LA COLONIA CENTRO DEL MUNICIPIO DE VALLECILLO,N.L.","CKT EDIFICACIONES, SA DE CV",17-09-008                          ,"$1,980,043.72",2-Oct-17,29-Jan-18,18-Oct-17,"$396,008.73","CONV MOD 165,524.33 (2´145,568.05)"," $ 818,372.13 ","$2,798,415.85"," $ 2,798,415.86 ",$0.00,100%,100%,NO ENTREGADA,18-Sep-18,OBRA TERMINADA
1,0,25,VALLECILLO,CONSTRUCCIÓN,"CONSTRUCCION DE PARQUE RECREATIVO EN LA COMUNIDAD DE PALO ALTO EN EL MUNICIPIO DE VALLECILLO,N.L.","CKT EDIFICACIONES, SA DE CV",17-08-008                     ,"$1,969,311.65",25-Sep-17,2-Feb-18,22-Sep-17,"$393,662.32","ATRASO ANTICIPO  30/OCT/17

CONV MOD 21-FEB-2018 31,022.07 (2´000,333.7)","$31,022.07","$2,000,333.72"," $ 2,000,192.07 ",$0.00,100%,100%,NO ENTREGADA,18-Sep-18,OBRA TERMINADA
1,0,26,ESCOBEDO,CONSTRUCCIÓN,"CONSTRUCCIÓN DE ALBERCA Y CHAPOTEADERO EN LA UNIDAD DEPORTIVA ALIANZA REAL EN ESCOBEDO, N.L.",ING. PEDRO GAONA GUTIERREZ,18-03-007        ,"$5,283,757.90",29-Mar-18,25-Aug-18,17-Apr-18,"$1,585,127.37",11-Oct-18,"$1,288,339.58","$6,572,097.48"," $ 6,572,097.45 ",$0.00,100%,100%,NO ENTREGADA,15-Jan-19,OBRA TERMINADA
1,0,27,LINARES,MANTENIMIENTO,"CONSERVACION Y MANTENIMIENTO DE LA RED CARRETERA ESTATAL EN LA RESIDENCIA LINARES,N.L. CONSISTE EN LA REHABILITACION DE 24.0KM  DE CAMINOS MONTERMORELOS-RAYONES, LA RECONSTRUCCION DE 8.0KM DEL CAMINO GENERAL TERAN-CALIFORNIA-VAQUEROS.EC TRANCA SAN JUAN KM 18+550 Y AL RECONSTRUCCION DE 2.5 KM DEL CAMINO LINARES-LIMITE DE ESTADOS NUEVO LEON Y TAMAULIPAS","CONSTRUCCIONES HIDROPAG, SA DE CV",18-04-005                        ,"$36,044,227.22",9-May-18,3-May-19,17-May-18,"$10,813,268.18",SIN CONVENIO,"$8,565,079.03","$44,609,306.25"," $ 44,609,306.23 ",$0.00,100%,100%,NO ENTREGADA,5-Feb-19,OBRA TERMINADA
1,0,28,CIENEGA  DE FLORES,CONSTRUCCIÓN,"CONSTRUCCION DE FUENTES Y MEJORAMIENTO DE PLAZA PRINCIPAL EN EL MUNICIPIO DE CIENEGA DE FLORES, N.L.",C.J. FIDENCIO ANGUIANO FLORES,18-08-002                          ,"$4,379,859.88",25-Aug-18,21-Jan-19,21-Aug-18,"$1,313,957.96",SIN CONVENIO,"$815,725.92","$5,195,585.80"," $ 5,147,829.55 ",$0.00,99%,100%,NO ENTREGADA,5-Feb-19,OBRA TERMINADA
1,0,29,GALEANA,CONSTRUCCIÓN,"CENTRO REGIONAL CAPRINO MARGARITAS,CARRETERA 57 TRAMO SAN ROBERTO.MATEHUALA CRUCE CARRETERA AL EJIDO SAN ANTONIO DEL SALERO EN EL MUNICIPIO DE GALEANA,N.L","HEXICA INFRAESTRUCTURA Y CONSTRUCCION, SA DE CV",18-05-003                    ,"$5,987,331.63",18-Jun-18,15-Oct-18,26-Jun-18,"$1,796,199.48",CONV MODIF FECHA 02/OCT/2018,SIN CONVENIO,"$5,987,331.63"," $ 5,726,813.53 ","$93,390.11",96%,100%,NO ENTREGADA,12-Feb-19,OBRA TERMINADA
1,0,30,GENERAL BRAVO,CONSTRUCCIÓN,CONSTRUCCIÓN DE UNIDAD DEPORTIVA EN CABECERA MUNICIPAL,"NUEVE NOVENTA CONSTRUCCIONES,SA. DE CV",17-08-005,"$4,799,080.73",24-Aug-17,16-Jan-18,29-Sep-17,"$959,816.14","CONV MOD 001 -26,351.00 (4´772,729.73) 24-FEB-18","$793,814.73","$5,592,895.46"," $ 3,681,710.96 ","$245,006.39",66%,100%,NO ENTREGADA,6-Feb-19,OBRA TERMINADA
1,0,31,GENERAL BRAVO,CONSTRUCCIÓN,"CONSTRUCCION DE CANCHA DE FUTBOL 11 Y  PISTA DE ATLETISMO EN LA UNIDAD DEPORTIVA MUNICIPAL DE GENERAL BRAVO, N.L.",BUFETE URBANISTICO SA DE CV,18-03-002                   ,"$4,021,011.66",21-Mar-18,17-Aug-18,8-May-18,"$1,206,303.50",20-Feb-19,"$978,988.47","$5,000,000.13"," $ 4,971,937.08 ",$0.00,99%,100%,NO ENTREGADA,2-Apr-19,OBRA TERMINADA - FALTA INTERCONEXION A CARGO DE MUNICIPIO
1,0,32,GARCIA,CONSTRUCCIÓN,CONSTRUCCION DE SALONES,CONSTRUCCIONES MAYVI,18-10-002,"$1,948,070.15",20-Oct-18,23-Dec-18,17-Oct-18,"$597,146.16",26-Feb-19,"$117,704.68","$2,108,191.88"," $ 2,108,191.89 ",$0.00,100%,100%,NO ENTREGADA,14-Feb-19,OBRA TERMINADA
1,0,33,SAN NICOLAS DE  LOS GARZA,CONSTRUCCIÓN,"CONSTRUCCION DE ESTACION HOSPITAL METROPOLITANO LINEA 3 DE SCT METRORREY, UBICADA EN AVE. LOPEZ MATEOS ENTRE CALLE PARIS EN EL MUNICIPIO DE SAN NICOLAS DE LOS GARZA","CONSTRUCTORA MAIZ MIER,S.A DE CV",17-07-004                   ,"$78,892,557.03",21-Jul-17,24-Jan-18,25-Sep-17,"$15,778,511.41",CONV MODIF ATRASO ANTICIPO  27/SEP/17                                                                        MODIF  1. 22/DIC/17,"-$56,323.35","$78,836,233.68"," $ 78,836,227.69 ",$0.01,100%,100%,NO ENTREGADA,5-Apr-19,"SE TRABAJA EN LIMPIEZA Y DETALLES, NO SE HAN COLOCADO ELEVADORES VEST-ANDEN, LÍNEA DE AGUA 6"" PENDIENTE DE CONECTARSE, SEÑALÉTICA SE ESTÁ DESPRENDIENDO."
1,0,34,SAN NICOLAS DE  LOS GARZA,CONSTRUCCIÓN,"GAZA CONFINAMIIENTO DE CARRILES, SEMAFORIZACIÓN Y ADECUACIÓN VIAL EN EL ANILLO VIAL INTERMEDIO: AVENIDA FIDEL VELAZQUEZ, NOGALAR Y UNIVERSIDAD, EN SAN NICOLÁS DE LOS GARZA","INNOVACERO, S.A. DE C.V.",17-12-007,"$32,512,597.11",10-Jan-18,5-Nov-18,25-Jan-18,"$9,753,779.12","CONV MOD 001 7´047,402.49 MOD 002 PLAZO DE EJECUCION 31-DIC-2018 MOD 003 -1.97  39´559,997.69","$6,203,513.95","$38,716,111.06"," $ 38,348,681.05 ",$0.00,99%,100%,NO ENTREGADA,8-Mar-19,OBRA TERMINADA
1,0,35,SAN NICOLAS DE  LOS GARZA,CONSTRUCCIÓN,CONECTA  UANL-PARQUES DE BOLSILLO EN EL MUNICIPIO DE SAN NICOLAS,"CONSTRUCCIONES DYNAMO,SA. DE CV",18-03-008                     ,"$18,487,188.39",5-Apr-18,30-Nov-18,4-Apr-18,"$5,546,156.52",CONV MODIF 001  21/NOV/18,"-$231,904.74","$18,255,283.65"," $ 18,255,283.66 ",$0.00,100%,100%,ENTREGADA,8-Mar-19,OBRA TERMINADA
1,0,36,SAN NICOLAS DE  LOS GARZA,REMODELACIÓN,"MEJORAS DE LA INFRAESTRUCTURA DEL HOSPITAL METROPOLITANO DR. BERNARDO SEPULVEDA 5TO PISO EN SAN NICOLÁS DE LOS GARZA, N.L.","VIAS Y DESARROLLOS, S.A DE C.V.",18-03-010            ,"$11,756,976.42",11-Apr-18,8-Aug-18,24-Apr-18,"$3,527,092.92","CONV ATRASO ANTICIPO  
03/MAY/18

MOD 1 
08/ENE/19","$2,805,977.29","$14,562,953.71"," $ 9,637,055.68 ","$783,221.94",66%,100%,NO ENTREGADA,1-Apr-19,OBRA TERMINADA
1,0,37,MONTERREY,CONSTRUCCIÓN,"CONSTRUCCION DE ESTACION VIOLETA  DE LA LINEA 3 SCT METRORREY UBICADA EN AVE FELIX U GOMEZ ENTRE PRIVADA INDEPENDENCIA Y CALLE LIBERTAD, MONTERREY,N.L.",TORDEC SA DE CV Y LORTEJA SA DE CV,17-07-007                     ,"$45,608,984.34",27-Sep-17,1-Apr-18,28-Sep-17,"$9,121,796.86","CONV. ATRASO DE ANTIC 29/SEP/17

19/FEB/19                       ","-$4,989,225.96","$40,619,758.38"," $ 45,608,984.30 ",-$0.04,112%,100%,NO ENTREGADA,5-Apr-19,"SE OBSERVAN ACUMULAMIENTO DE LIMPIEZA Y DETALLES ASÍ COMO EN PINTURA, SE TRABAJA EN COLOCACIÓN DE ESTRUCTURA SOBRE ESCALERAS FÍSICAS."
1,0,38,MONTERREY,CONSTRUCCIÓN,"CONSTRUCCION DE ESTACION LOS ANGELES DE LA LINEA 3 DE SCT METRORREY, UBICADA EN AVE FELIX U GOMEZ ENTRE LOS ANGELES Y CALLE DE LOS ANDES EN EL MUNICIPIO DE MONTERREY,N.L.","CONSTRUCCIONES DYNAMO,SA. DE CV",17-07-005               ,"$44,825,724.22",21-Jul-17,24-Apr-18,25-Sep-17,"$8,965,144.85",CONV. ATRASO DE ANTIC 27/SEP/17                      MODIF 1   22/DIC/17,"-$2,734,023.85","$42,091,700.37"," $ 44,820,450.33 ",$0.00,106%,100%,NO ENTREGADA,5-Apr-19,"FALTA DE EXTENDER LONA NORTE, LA CENTRAL Y SUR SE ESTÁ TENSANDO, SE CONTINUA CON COLOCACIÓN DE ESTRUCTURA SOBRE ESCALERAS FÍSICAS."
1,0,39,MONTERREY,CONSTRUCCIÓN,"CONSTRUCCION DE ESTACION ADOLFO PRIETO DE LA LINEA 3 SCT METRORREY UBICADA EN AVE FELIX U GOMEZ ENTRE LA CALLE ISAAC GARZA  Y CALLE ADOLFO PRIETO EN EL MUNICIPIO DE MONTERREY,N.L.","AXIS CONSTRUCCIONES DE MONTERREY,S.A. DE CV",17-07-010                          ,"$40,821,248.35",28-Jul-17,28-Jan-18,25-Sep-17,"$8,164,249.67",CONV. ATRASO DE ANTIC 29/SEP/17                      MODIF 1   22/DIC/17,"-$6,475,265.19","$34,345,983.16"," $ 40,821,247.98 ",$0.00,119%,100%,NO ENTREGADA,5-Apr-19,"SE TRABAJA EN COLOCACIÓN DE CUBIERTA PTE. FALTA LÁMPARAS Y FALDÓN, PERSONAL: 3 EN CUBIERTA, 2 EN ESCALERAS Y 1 EN DETALLES DE PINTURA."
1,0,40,MONTERREY,CONSTRUCCIÓN,"MEJORAMIENTO DE RED DE GAS  DEL CENTRO DE ALTO RENDIMIENTO (CARE) EN EL MUNICIPIO DE MONTERREY,N.L.","ODEVISA, S.A DE C.V.",18-08-001                   ,"$3,898,604.94",24-Aug-18,10-Jan-19,29-Aug-18,"$1,169,581.47",SIN CONVENIO,"$73,137.84","$3,971,742.79"," $ 3,971,742.79 ",$0.00,100%,100%,NO ENTREGADA,8-Mar-19,OBRA TERMINADA
1,0,41,MONTERREY,PAVIMENTACIÓN,"REHABILITACIÓN DE PAVIMENTO EN ÁREA DE DESCARGA Y PATIO DE MANIOBRAS EN EL ALMACÉN EL BUEN PASTOR DEL DIF EN EL MUNICIPIO DE MONTERREY, N.L.","CONSTRUCCIONES, CIMENTACIONES Y PILAS, S.A. DE C.V.",18-11-007,"$785,441.81",14-Dec-18,12-Apr-19,6-Dec-18,"$235,632.54",SIN CONVENIO,SIN CONVENIO,"$785,441.81","$745,847.53","$14,628.43",95%,100%,NO ENTREGADA,1-Apr-19,OBRA TERMINADA
1,0,42,APODACA,PAVIMENTACIÓN,"RECONSTRUCCION DE PAVIMENTO ASFALTICO EN AVE VILLA DE SAN MARCOS DE LA CARRETERA APODACA-JUAREZ A LA CALLE VILLA ALMERIA COL. VILLA SAN CARLOS, APODACA ,N.L.",COMAR CONSTRUCCIONES SA DE CV,17-11-018,"$4,748,171.75",13-Dec-17,10-Jul-18,13-Dec-17,"$1,424,451.51",SIN CONVENIO,"-$2,079.86","$4,746,091.89"," $ 4,077,434.02 ",$0.00,86%,100%,NO ENTREGADA,1-Apr-19,OBRA TERMINADA
1,0,43,JUAREZ,CONSTRUCCIÓN,"AMPLIACIÓN DEL CENTRO COMUNITARIO MONTE KRISTAL EN EL MUNICIPIO DE JUÁREZ, NUEVO LEÓN.","JPG CONSTRUCCIONES, S.A. DE C.V.",18-02-002,"$1,430,891.32",7-Mar-18,4-Jun-18,21-Mar-18,"$429,267.40",SIN CONVENIO,SIN CONVENIO,"$1,430,891.32"," $ 1,149,894.59 ","$103,816.52",80%,100%,NO ENTREGADA,3-Apr-19,OBRA TERMINADA
1,1,1,ANAHUAC,MANTENIMIENTO,"CONSERVACIÓN Y MANTENIMIENTO DE LA RED CARRETERA ESTATAL EN LA RESIDENCIA ANÁHUAC, N.L., CONSISTENTE EN RECONSTRUIR 8 KM DEL CAMINO HUIZACHE-LIMITE DE ESTADOS DE NUEVO LEON Y TAMAULIPAS Y REHABILITAR 23 KM DEL CAMINO MTY-COLOMBIA",CONSTRUCTORA MAYRAN DE SAN PEDRO SA DE CV,18-04-004                   ,"$36,872,364.79",9-May-18,3-May-19,17-May-18,"$11,061,709.44",SIN CONVENIO,"$9,111,078.36","$45,983,443.15","$45,983,443.17",$0.00,100%,85%,NO ENTREGADA,3-Apr-19,COMPACTANDO Y COLOCANDO CARPETA
1,1,2,MONTEMORELOS,CONSTRUCCIÓN,"PROYECTO DE INFRAESTRUCTURA SOCIAL PARA LA SUSTITUCION POR OBRA NUEVA Y EQUIPAMIENTO DEL HOSPITAL GENERAL DE MONTEMORELOS, N.L.","DESARROLLO Y CONSTRUCCINES URBANAS,SA DE CV",18-04-003                  ,"$191,749,006.80",7-May-18,1-May-19,3-Aug-18,"$57,524,402.04","DIF.ANTICIPO  

28JUL19",-$0.72,"$191,749,006.08","$99,178,540.98","$34,200,541.53",52%,52%,NO ENTREGADA,1-Apr-19,"LOS TRABAJOS QUE ACTUALMENTE SE ESTÁN EJECUTANDO SON LOS SIGUIENTES:
- CABLEADO ELÉCTRICO.
- INSTALACIÓN DE CENTROS DE CARGA.
- INSTALACIÓN DE DUCTOS PARA AIRE ACONDICIONADO.
- ENYESADO DE MUROS Y TECHOS.
- INSTALACIÓN DE VOZ Y DATOS.                                                       -COLOCACION D EPUERTAS"
1,1,3,MONTEMORELOS,CONSTRUCCIÓN,OBRA EXTERIOR Y EQUIPAMIENTO  DEL HOSPITAL GENERAL DE MONTEMORELOS,"DESARROLLO Y CONSTRUCCIONES URBANAS, S.A. DE C.V.",18-10-001,"$13,821,354.46",19-Oct-18,16-Apr-19,29-Oct-18,"$4,146,406.32","DIF. ANTICIPO

7 JUN 19",SIN CONVENIO,"$13,821,354.46","$6,711,673.60","$2,626,729.36",49%,32%,NO ENTREGADA,1-Apr-19,"LOS TRABAJOS QUE ACTUALMENTE SE ESTÁN EJECUTANDO SON LOS SIGUIENTES:
- NIVELACIÓN Y COMPACTACIÓN.
- COLOCACIÓN DE BASE.
- COLOCACIÓN DE SUB BASE.  -COLOCACION DE CARPETA"
1,1,4,SABINAS HIDALGO,CONSTRUCCIÓN,SUSTITUCION POR OBRA NUEVA DEL HOSPITAL GENERAL DE SABINAS HIDALGO,"TORDEC, SA DE CV",18-05-001                                    ,"$113,951,613.74",1-Jun-18,26-May-19,3-Aug-18,"$34,185,484.12","DIF. ANTICIPO

26 JUL 19",SIN CONVENIO,"$113,951,613.74","$54,952,561.69","$21,327,472.55",48%,36%,NO ENTREGADA,2-Apr-19,"LOS TRABAJOS QUE ACTUALMENTE SE ESTÁN EJECUTANDO SON:
- INSTALACIONES ELÉCTRICAS
- ENYESADO DE MUROS
- COLOCACIÓN DE DUCTOS DE AIRE ACONDICIONADO        -COLOCACION DE PLAFON EN CIELO "
1,1,5,SABINAS HIDALGO,CONSTRUCCIÓN,"OBRA EXTERIOR,ADECUACIONES INTERIORES E INSTALACIONES ESPECIALES DEL HOSPITAL GENERAL DE SABINAS HIDALGO","CKT EDIFICACIONES, SA DE CV",18-09-004,"$32,809,374.61",8-Oct-18,2-Oct-19,19-Oct-18,"$9,842,812.38",SIN CONVENIO,"-$976,267.33","$31,833,107.28","$17,225,708.19","$5,613,764.91",54%,40%,NO ENTREGADA,3-Apr-19,"LOS TRABAJOS QUE ACTUALMENTE SE ESTÁN EJECUTANDO SON LOS SIGUIENTES:
- VACIADO DE CORDONES.
- COLOCACIÓN  DE BASE.
- LEVANTAMIENTO DE BARDA PERIMETRAL."
1,1,6,LOS HERRERAS,CONSTRUCCIÓN,"CONSTRUCCION DE EDIFICIO PARA SERVICIOS DE EMERGENCIA EN EL MUNICIPIO DE LOS HERRERA, N.L.","DESARROLLO OBRAS Y SERVICIOS CHAPA, SA DE CV",18-12-002,"$3,137,449.52",19-Dec-18,17-May-19,13-Dec-18,"$941,234.85",SIN CONVENIO,SIN CONVENIO,"$3,137,449.52","$1,349,205.66","$660,681.22",43%,60%,NO ENTREGADA,2-Apr-19,"SE TRABAJA EN ZARPEO DE MUROS, COLOCACION DE YESO EN MUROS INTERIOR,PREPARACION PARA EL COLADO DE LOSA EN SEGUNDO PISO"
1,1,7,HUALAHUISES,PAVIMENTACIÓN,PAVIMENTACION PROLONG. AV. MONTERREY,"CONSTRUCCION Y CONSERVACION EN GENERAL, S.A. DE C.V.",18-12-006,"$2,040,321.29",27-Dec-18,25-May-19,19-Dec-18,"$612,096.37",SIN CONVENIO,SIN CONVENIO,"$2,040,321.29","$916,478.03","$415,213.02",45%,40%,NO ENTREGADA,3-Apr-19,SE TRABAJA EN CORDONES Y SE TIENE EL MISMO AVANCE EN TERRACERIAS DE HACE UN MES
1,1,8,GUADALUPE,MANTENIMIENTO,"REHABILITACION Y MEJORAMIENTO DE LA UNIDAD DE DESARROLLO DEPORTIVO INTEGRAL (CDDI MIXCOAC) EN EL MUNICIPIO DE GUADALUPE, N.L.",GUAJARDO Y ASOCIADOS CONSTRUCTORA SA DE CV,18-11-005,"$1,858,446.05",6-Dec-18,4-May-19,4-Dec-18,"$557,533.82",18-Feb-19,"-$28,830.36","$1,829,615.69","$1,459,530.63","$143,546.18",80%,85%,NO ENTREGADA,2-Apr-19,"ESTA CIMBRADO SIN COLAR DESDE HACE 15 DIAS, NO SE TIENE EL CONTRAMARCO, HAY MUCHO ESCOMBRO ACUMULADO. "
1,1,9,MONTERREY,REMODELACIÓN,"AMPLIACIÓN DEL CENTRO DE REHABILITACIÓN Y EDUCACIÓN ESPECIAL CREE, EN MONTERREY, N.L.","CONSTRUCCIONES Y URBANIZACIONES ALVIZURI, S.A. DE C.V.",18-11-006,"$3,491,536.91",14-Dec-18,11-Jun-19,4-Dec-18,"$1,047,461.07",SIN CONVENIO,SIN CONVENIO,"$3,491,536.91","$1,850,649.50","$606,239.18",53%,60%,NO ENTREGADA,1-Apr-19,"SE COLO LOSA DE AZOTEA Y SE DECIMBRO, SE COLOCA ZARPEO Y AFINE EN MUROS EXT.,SE COLOCAN ALAMBRADO Y DUCTOS PARA EL EMPASTADO EN P.B."
1,1,10,MONTERREY,MANTENIMIENTO,REHABILITACIÓN DE 550 MS DE LA PINACOTECA DE NUEVO LEÓN,"KABATAS, SA DE CV",18-12-003,"$1,663,547.83",6-Dec-18,5-Mar-19,19-Dec-18,"$499,064.34","MOD
20-MAR-2019","$308,897.76","$1,972,445.59","$1,856,925.29",-$0.01,94%,93%,NO ENTREGADA,1-Apr-19,"SE COLOCAN DUCTOS DE CLIMAS, SOLO FALTA CANCELERIA LADO SUR, RESTO DE TRABAJOS TERMINADOS."
1,1,11,ALLENDE,REMODELACIÓN,AMPLIACIÓN DE MÓDULO DIF DEL DESARROLLO NORTE (SALÓN POLIVALENTE),"CONSTRUCCIONES, CIMENTACIONES Y PILAS, S.A. DE C.V.",18-12-001,"$2,069,549.32",20-Dec-18,18-May-19,14-Dec-18,"$620,864.79",SIN CONVENIO,SIN CONVENIO,"$2,069,549.35","$787,804.63","$473,550.99",38%,45%,NO ENTREGADA,3-Apr-19,SE TRABAJA EN LA DECIMBRA DE LOSA SE TIENE MUROS DE BLOCK
1,1,12,EL CARMEN,CONSTRUCCIÓN,CONSTRUCCIÓN DE COMEDOR COMUNITARIO EN LA COL. BARRIO QUINTANA ROO,"MEDALSA CONSTRUCCIONES, S.A. DE C.V.",18-12-007,"$2,856,698.10",27-Dec-18,25-Apr-19,16-Jan-19,"$857,009.43",SIN CONVENIO,SIN CONVENIO,"$2,856,698.10","$2,856,698.10",$0.01,100%,53%,NO ENTREGADA,2-Apr-19,"SE COLO LOSA Y SE DECIMBRO, SE INICIA EMPASTADO DE LOSA,YA SE TIENE EL PRETIL, SE INICIRAN LA APLICACIÓN DE YESO,SE COLOCA BLOCK EN BARDA."
1,1,13,CIENEGA  DE FLORES,CONSTRUCCIÓN,"CONSTRUCCION DE COMEDOR COMUNITARIO , EN EL MUNICIPIO DE CIENEGA DE FLORES","CONSTRUCCIONES MAYVI, S.A. DE C.V.",18-12-008,"$2,490,907.07",27-Dec-18,25-Apr-19,27-Dec-18,"$747,272.12",SIN CONVENIO,SIN CONVENIO,"$2,490,907.07","$2,490,907.07",-$0.01,100%,40%,NO ENTREGADA,2-Apr-19,"SE COLOCA ZARPEO Y AFINE DE BARDA POR EL EXTERIOR, SE PREPARA PARA CIMBRAR LOSA, SE COLOCAN POSTES DE CONCRETO PARA LUZ DE LOS CAMPOS."
1,1,14,ESCOBEDO,CONSTRUCCIÓN,HOSPITAL PSIQUIATRICO ESTATAL,"AINLEY, S.A. DE C.V.",18-12-010,"$159,945,881.64",20-Jan-19,12-Jul-20,8-Jan-19,"$47,983,764.48",SIN CONVENIO,SIN CONVENIO,"$159,945,881.64","$52,007,866.63","$39,878,576.96",33%,15%,NO ENTREGADA,1-Apr-19,"SE TERMINA PLATAFORMA PRINCIPAL, SE TIENE UN 85% AVANCE EN LINEA DE D.S., SE INICIA PERFORACION DE PILOTES Y SE TIENE HABILITADO EL TOTAL DE PILOTES"
1,1,15,GALEANA,CONSTRUCCIÓN,"CONSTRUCCIÓN DE RED DE DRENAJE PLUVIAL EN SAN RAFAEL, GALEANA SEGUNDA ETAPA","MANTENIMIENTO Y CONSTRUCCIONES MONTERREY, S.A. DE C.V.",18-12-009,"$3,595,880.81",3-Jan-19,1-Jun-19,8-Jan-18,"$1,078,764.25",SIN CONVENIO,SIN CONVENIO,"$3,595,880.81","$1,593,745.97","$739,704.99",44%,45%,NO ENTREGADA,4-Apr-19,"SE TRABAJA EN EXCAVACION , ASI MISMO COLOCACION DE TUBERIA Y RELLENO EN ZONAS DONDE HAY YA TUBERIA Y HABILITADO DE ACERO PARA IMBORNALES"
1,1,16,SAN NICOLAS DE LOS GARZZA,REMODELACIÓN,"MODERNIZACION EN LA INFRAESTRUCTURA DEL HOSPITAL METROPOLITANO TRAUMATOLOGIA (N5),HOSPITALIZACION (N6,N7,N8) Y SISTEMA CONTRA INCENDIOS.","CONSTRUTORA Y URBANIZADORA REGIOMONTANA, S.A. DE C.V.",19-02-003,"$57,076,215.93",18-Feb-19,21-Jan-20,15-Feb-19," $ 17,122,864.78 ",SIN CONVENIO, SIN CONVENIO,"$57,076,215.93"," $ 17,122,864.77 ","$14,761,090.33",30%,10%,NO ENTREGADA,1-Apr-19,SE TRABAJA EN COLOCACION DE BLOCK EN DIVISIONES Y TUBERIA DE AGUA
1,1,17,SAN NICOLAS DE LOS GARZZA,REMODELACIÓN,"MODERNIZACION EN LA INFRAESTRUCTURA DEL HOSPITAL METROPOLITANO, FACHADA, OBRA EXTERIOR Y PROYECTO DE ACCESIBILIDAD.","DESARROLLO CONSTRUCTIVO Y URBANISTICO, S.A. DE C.V.",19-02-005,"$61,644,586.04",18-Feb-19,21-Dec-19,15-Feb-19," $ 11,684,505.79 ",SIN CONVENIO, SIN CONVENIO,"$61,644,586.04"," $ 25,698,582.33 ","$4,895,235.34",42%,5%,NO ENTREGADA,1-Apr-19,COLOCANDO PERFILES PARA PONER EL ALUCOBOND
1,2,1,CIENEGA  DE FLORES,CONSTRUCCIÓN,"CONSTRUCCIÓN Y MEJORAS DE CAPILLAS VELATORIAS EN CIENEGA DE FLORES, NUEVO LEÓN","CONSTRUCCIONES Y URBANIZACIONES FANIM, S.A. DE C.V.",17-11-014,"$2,497,983.08",12-Dec-17,10-May-18,13-Dec-17,"$749,394.92",SIN CONVENIO,SIN CONVENIO,"$2,497,983.08"," $ 2,397,797.64 ","$37,014.13",96%,97%,NO ENTREGADA,2-Apr-19,"FALTA LIMPIEZA, CHECAR  LUZ EXTERIOR"
1,2,2,GALEANA,CONSTRUCCIÓN,"CENTRO DE DESARROLLO REGIONAL AL SUR DEL ESTADO MUNICIPIO DE GALEANA,N.L.","ODEVISA, S.A DE C.V.",18-03-009                                 ,"$10,849,945.38",6-Apr-18,21-Nov-18,17-May-18,"$3,254,983.60","CONV ATRASO ANTICIPO    28/JUN/18
CONV MOD 001 -273,460.10 (10´576,485.28) 12-DIC-18
CONV MOD 003 
04/ABR/2019","-$282,107.21","$10,567,838.17"," $ 10,104,079.26 ","$243,160.79",96%,80%,NO ENTREGADA,5-Apr-19,"ESTA OBRA NO  HAY MUCHO  AVANCE SE TRABAJA EN MUROS EXTERIOR EDIFICIO NORTE , ADEMAS EN EL INTERIOR , SE OBSERVA MALA CALAIDAD EN EL ACABADO DEL EDIFICIO SUR DEL CENTRO DE DESARROLLO , EN GENERAL FALTA CALIDAD A LOS TRABAJOS ASÍ COMO AUMENTAR LA FUERZA DE TRABAJO"
1,2,3,GARCIA,CONSTRUCCIÓN,"CONSTRUCCIÓN DE ESFERA CULTURAL EN CALLE REAL DE MINAS SECTOR SANTA LUCIA, VALLE DE LINCOLN, GARCIA, N.L.","ODEVISA, S.A DE C.V.",18-03-012                                      ,"$17,956,198.67",11-Apr-18, 20/nov/18                 ,23-Apr-18,"$5,386,859.59",CONVEN ATRASO ANTICIPO :                30/MAY/18                                 ,"$3,683,398.59","$21,639,597.26"," $ 19,436,978.34 ",$0.00,90%,88%,NO ENTREGADA,3-Apr-19," SE TRABAJA EN PLANTA ALTA AREA DE OFICINAS,RESANANDO LOSA, HACIENDO BANQUETA PERIMETRAL Y ESTACIONAMIENTO, VACIANDO FIRME EN SOTANO,COLOCANDO DIVISIONES, TERMINANDO DE COLOCAR BUTACAS"
1,2,4,GUADALUPE,CONSTRUCCIÓN,CONSTRUCCION Y MEJORAS AL CENTRO COMUNITARIO TIERRA PROPIA EN EL MUNICIPIO DE GUADLAUPE N.L.,ING. MAURO DE  JESUS MEDINA QUINTANILLA,18-02-001                     ,"$6,701,415.72",7-Mar-18,3-Aug-18,15-Mar-18,"$2,010,424.71",28-Nov-18,"$548,018.95","$7,249,434.67"," $ 7,111,931.38 ",$0.00,98%,82%,NO ENTREGADA,1-Apr-19,"SE TERMINO CON IMPERMEABILIZACIÓN, SE RETIRO EL ESCOMBRO DE LA ZONA DE DERRUMBE, SE ESPERA CONFIRMACIÓN PARA EL NUEVO ALCANCE."
1,2,5,JUAREZ,CONSTRUCCIÓN,"CONSTRUCCION DE PARQUE ACUATICO, AVENIDA TEOFILO SALINAS Y   CALLE FLOR DE LIZ, MUNICIPIO DE JUAREZ, N.L.","COTELSA, SA DE CV",18-01-001             ,"$21,753,698.97",7-Feb-17,15-Dec-18,2-Feb-18,"$6,526,109.69",CONV MODIF FECHA 06/11/2018,-$18.10,"$21,753,680.87"," $ 11,492,188.08 ","$3,791,197.35",53%,39%,NO ENTREGADA,3-Apr-19,"SE OBSERVAN 2  CUADRILLAS TRABAJANDO EN EL ARMADO DE LA CIMBRA DEL MURO DE REFUERZO EN LA ALBERCA DE OLAS. EN LA ESTRUCTURA PRINCIPAL DE LOS BAÑOS, LOS PTR SE ENCUENTRAN CORTADOS Y SOLDADOS EN TRES SECCIONES CADA UNO DE ELLOS; COMO SE MUESTRA EN EL REGISTRO FOTOGRÁFICO
"
1,2,6,JUAREZ,REMODELACIÓN,AMPLIACIÓN Y REMODELACIÓN DE CENTRO COMUNITARIO MONTE KRISTAL,GUAJARDO Y ASOCIADOS CONSTRUCTORA SA DE CV,17-10-003,"$9,570,577.95",19-Oct-17,17-Mar-18,26-Oct-17,"$1,914,115.59","CONV MOD 30-ABR-2018 71,299.05 (9´641,877.02)","$714,445.42","$10,285,023.37"," $ 9,861,830.22 ",$0.00,96%,97%,NO ENTREGADA,8-Mar-19,SIN AVANCES EN LA OBRA DEBIDO A VANDALISMO LA OBRA SIGUE CON PROBLEMAS Y NO HAN AVANZADO LOS TRABAJOS ELÉCTRICOS. LA SITUACION SE ESTA ANALIZANDO POR EL DEPARTAMENTO DE JURIDICO DE LA SEC. DE INFRAESTRUCTURA
1,2,7,PESQUERÍA,CONSTRUCCIÓN,CONSTRUCCION Y MEJORAS EN UNIDAD DE ESPECIALIDADES MEDICAS EN CIRUGIAS AMBULATORIAS EN CALLE JOSE LOPEZ PORTILLO S/N COLONIA CENTRO,"CONSTRUCCIONES DYNAMO, S.A. DE C.V.",17-10-004,"$29,327,915.66",27-Oct-17,25-Mar-18,15-Nov-17,"$5,865,583.12",3-Oct-18,"$12,283,886.91","$41,611,802.57"," $ 29,410,691.71 ","$2,629,549.74",71%,95%,NO ENTREGADA,2-Apr-19,"FALTA COLOCACION DE PLAFON, EN QUIROFANO, COLOCAR AIRE, ,COLOCAR PISO,INSTALACIÓN DE TARJAS,COLOCACION DE POSTES DE ALUMBRADO AREA DE ESTACIONAMIENTO"
1,2,8,PESQUERÍA,REMODELACIÓN,MEJORAMIENTO GENERAL UNIDAD DEPORTIVA EN PESQUERÍA,"VIP DESARROLLO URBANO, S.A. DE C.V.",17-12-003,"$19,911,993.95",26-Dec-17,24-May-18,28-Dec-17,"$3,982,398.78",31-Jan-19,"$4,973,609.92","$24,885,603.97"," $ 24,341,921.12 ",$0.00,98%,96%,NO ENTREGADA,2-Apr-19,"FALTA DETALLES DE PINTURA,BANQUETA QUEBRADA Y REGISTRO,COLOCACION DE BANCAS, Y LIMPIEZA FINAL"
1,2,9,PARAS,CONSTRUCCIÓN,"CONSTRUCCIÓN DE RED DE DRENAJE SANITARIO Y AGUA POTABLE, PAVIMENTOS Y ALUMBRADO PÚBLICO EN FRACC. DEL NORTE Y CALLE RUPERTO MARTINEZ EN PARAS, NL","GEMBER AMBIENTAL, S.A. DE C.V.",17-12-004,"$2,928,412.56",21-Dec-17,24-Apr-18,19-Dec-17,"$878,523.76",SIN CONVENIO,"$609,167.03","$3,537,579.59"," $ 3,537,579.59 ",$0.00,100%,85%,NO ENTREGADA,1-Apr-19,"SIGUE SIN TENER LISTA LA INTERCONEXIÓN CON CFE, SIN AVANCES"
1,2,10,MONTEMORELOS,CONSTRUCCIÓN,CONSTRUCCIÓN DE GIMNASIO - AUDITORIO,"AXIS CONSTRUCCIONES DE MONTERREY,S.A. DE CV",17-06-003,"$33,191,357.88",30-Jun-17,27-Nov-17,18-Jul-17,"$6,638,271.58",SIN CONVENIO,"$1,801,856.39","$34,993,214.27"," $ 32,802,759.24 ","$19,617.45",94%,75%,NO ENTREGADA,3-Apr-19,"SE TRABAJA EN LA ESTRUCTURA DEL GIMNASIO , ADEMAS EN INTERIORES EN ZARPEO , COLOCACION DE MUROS EN EL EDIFCIO ORIENTE"
1,2,11,MONTERREY,CONSTRUCCIÓN,"CONSTRUCCION DE ESTACION RUIZ CORTINES DE  LA LINEA 3 SCT METRORREY UBICADA EN FELIX U GOMEZ ENTRE RUIZ COTRINEZ Y CALLE  LAUREL, MONTERREY, N.L.","CONSTRUCTORA MAIZ MIER,S.A DE CV",17-07-006                  ,"$77,877,244.50",27-Sep-17,1-Apr-18,26-Sep-17,"$15,575,448.90","CONV. ATRASO DE ANTIC 
27/sep/17             
MODIF 1 22/dic/17                       MODIF 2 29/ene/18                       MODIF 3 28/may/18  ",-$790.81,"$77,876,453.69"," $ 77,876,453.66 ",$0.00,100%,99%,NO ENTREGADA,5-Apr-19,"FALTA BARANDAL Y TORNIQUETES EN ENTRADA, SE TRABAJA EN CANCELERÍA EN PARTE SUPERIOR, SE COLARON PILOTES Y SE TRABAJA EN ARMADO Y COLADO DE TRABES SE SUMINISTRAN BANCAS DE ANDEN."
1,2,12,MONTERREY,CONSTRUCCIÓN,CONSTRUCCION DE LA ESTACION  SANTA LUCIA DE LA LINEA 3 DE SCT METRORREY UBICADA EN AVE FELIX U GOMEZ ENTRE R RAMIREZ Y CALLE TACUBA EN EL MUNICIPIO DE MONTERREY,"PROVEEDORA PARA LA CONSTRUCCION REGIOMONTANA,SA DE CV",17-07-011                        ,"$70,376,404.65",27-Sep-17,28-Mar-18,25-Sep-17,"$14,075,280.93","CONV. ATRASO DE ANTIC 29/SEP/17                      MODIF 1   22/DIC/17                         MODIF 1   14/FEB/18
CONV MOD 28-MAR-18 -315,639.99 (70´060,764.66)","-$332,855.80","$70,046,548.86"," $ 70,046,548.77 ",$0.00,100%,98%,NO ENTREGADA,5-Apr-19,"SE TRABAJA EN CUBIERTA LADO OTE. Y COLOCACIÓN DE BARANDAL, SE SUMINISTRAN ELEVADORES NO HAY PERSONAL LABORANDO EN ESTO, LA REHABILITACIÓN DE LA CALLE ESTA PARADA, SE COLOCA SEÑALÉTICA."
1,2,13,MONTERREY,CONSTRUCCIÓN,"CONSTRUCCION DE ESTACION CONCHELLO DE LA LINEA 3 SCT METRORREY, UBICADA EN  AVE. FELIX U GOMEZ  ENTR LA CALLE CONCHELLO Y CALLE LUIS  URBINA EN EL MUNICIPIO DE MONTERREY,N.L.","CORPORACION  CONTRUCTORA,G,C, SA DE CV",17-07-008                          ,"$63,791,059.97",27-Sep-17,30-Mar-18,25-Sep-17,"$12,758,211.99","CONV. ATRASO DE ANTIC 29/SEP/17                      MODIF 1   22/DIC/17
 CONV MOD 3,759.98 (63787304.9)","$6,546,403.89","$70,337,463.86"," $ 63,787,304.90 ",$0.00,91%,99%,NO ENTREGADA,5-Apr-19,"SE SUMINISTRAN ELEVADORES DE AMBOS LADOS, SE SUMINISTRAN BANCAS DE ANDEN, SE TRABAJA EN LIMPIEZA Y DETALLES"
1,2,14,MONTERREY,CONSTRUCCIÓN,"CONSTRUCCION DE ESTACION FELIX U GOMEZ DE LA LINEA 3 SCT METRORREY, UBICADA EN LA AVE. FELIX U GOMEZ, CRUCE CON  AVE COLON EN  MONTERREY,N.L.","GRUPO CONSULTOR MEXICANO, SA DE CV Y CONSORCIO DE INGENIERIA PSI SA DE CV",17-07-009                                   ,"$57,143,309.52",27-Sep-17,1-Apr-18,28-Sep-17,"$11,428,661.90",CONV. ATRASO DE ANTIC 29/SEP/17,SIN CONVENIO,"$57,143,309.52"," $ 57,143,309.43 ",$0.00,100%,99%, ENTREGADA 21-feb-19,5-Apr-19,"ELEVADORES SUMINISTRADOS Y SOLO 4 PERSONAS LABORANDO, SE TRABAJA EN RESANES, PINTURA, COLOCACIÓN DE FALDÓN, SE QUITA MAMPARA EN ANDEN DE LÍNEA 1, NO HAY PERSONAL EN LONAS Y ESCALERAS ELECT."
1,2,15,MONTERREY,CONSTRUCCIÓN,"CONSTRUCCION Y MEJORAS EN CENTRO COMUNITARIO SIERRA VENTANA, MONTERREY,N.L.","ORGANIZACION Y SEVICIOS PARA LA CONSTRUCCION, SA DE CV",18-03-006                          ,"$5,388,955.06",29-Mar-18,5-Aug-18,24-Apr-18,"$1,616,686.51","CONV. ATRASO DE ANTIC 10/AGO/18

06/MAR/19","$884,726.72","$6,273,681.78"," $ 4,646,669.73 ","$274,243.35",74%,84%,NO ENTREGADA,3-Apr-19,"3 CUADRILLAS TRABAJANDO. DÓNDE EL ACABADO INTERIOR ESTÁ CASI TERMINADO, EN PLANTA ALTA Y PLANTA BAJA ESTÁ COLOCADO CASI COMPLETAMENTE PISO Y ZOCLO CERÁMICO COMO ACABADO EN PISOS A EXCEPCIÓN DE ALGUNAS ÁREAS. EL PUENTE DE ACCESO PEATONAL SE ESTÁ COMENZANDO A REALIZAR EL COLADO Y ACABADO DE CONCRETO EN LAS LOSAS. EN PLANTA BAJA Y ALTA; AL INTERIOR COMO EN EL EXTERIOR SE ESTÁ TERMINANDO DE COLOCAR VENTANAS, MARCOS DE PUERTAS."
1,2,16,SABINAS HIDALGO,CONSTRUCCIÓN,"CONSTRUCCION DE PARQUE ACUATICO EN EL MUNICIPIO DE SABINAS HIDALGO, N.L.","BUFFETE DE OBRAS, SERVICIOS Y SUMINISTROS, SA DE CV",17-11-002                ,"$29,239,336.36",21-Nov-17,21-Sep-18,14-Dec-17,"$5,847,867.27",SIN CONVENIO,SIN CONVENIO,"$29,239,336.36"," $ 15,079,438.01 ","$2,914,227.20",52%,90%,NO ENTREGADA,3-Apr-19,"ACABADOS EN ÁREA ADMINISTRATIVA, AFINE EN MUROS DEL RÍO.                                    ARMADO DE TOBOGAN"
1,2,17,SALINAS VICTORIA,PAVIMENTACIÓN,"PAVIMENTACION FIDEL VELAZQUEZ Y CALLE PRINCIPAL EN LA COL. LAS HUERTAS DE SAN  MARIO, SALINAS VICTORIA,N.L.","CONSTRUCCIONES ELECTROMECANICAS GARCIA TORRES,S.A. DE C.V",17-11-020                           ,"$6,959,191.29",4-Dec-17,14-Jan-18,19-Dec-17,"$2,087,757.39",CONV ATRASO ANTICIPO   8/ENE/18                                     CONV REINICIO DE ACTIVIDADES  03/AGO/18,"$1,025,939.97","$7,985,131.26"," $ 6,834,968.05 ",-$0.01,86%,95%,NO ENTREGADA,1-Apr-19,"DETALLES DE CARPETA, FALTA TERMINAR CORDON, LIMPIEZA DE LA OBRA"
1,2,18,SAN NICOLAS DE  LOS GARZA,CONSTRUCCIÓN,"CONECTA-UANL-CIRCUITO INTERNO Y CICLOVIA EN EL MUNICIPIO DE SAN NICOLAS,N.L.","CONSTRUCTORA Y URBANIZADORA REGIOMONTANA,SA DE CV",18-03-014                       ,"$34,978,885.24",5-Apr-18,2-Aug-18,4-May-18,"$10,493,665.56","CONV ATRASO ANTICIPO 
 21/MAY/18                                CONVEN MODIF FECHA  
01/OCT/18","-$10,162,945.54","$24,815,939.70"," $ 24,717,041.42 ","$3,241,822.99",100%,98%,NO ENTREGADA,3-Apr-19,"2 CUADRILLAS LABORANDO, HACIENDO REPARACIONES FINALES DEL PROYECTO COMO REPARACIÓN DE LOSETAS QUEBRADAS O AGRIETADAS. ASÍ MISMO SE OBSERVA LAS LUMINARIAS CON LUZ PEATONAL Y VEHICULAR CONTINÚAN INCLINADAS ORIENTADAS AL LADO VEHICULAR DEL PROYECTO; LA MAYORÍA DE ESTAS SE ENCUENTRAN EN ESTAS CONDICIONES. TERMINANDO DE COLOCAR BOLARDOS DE CONCRETO EN AVENIDA LOS RECTORES."
1,2,19,SAN NICOLAS DE  LOS GARZA,REMODELACIÓN,REMODELACIÓN Y REHABILITACIÓN EN INFRAESTRUCTURA DEL HOSPITAL METROPOLITANO DR. BERNARDO SEPULVEDA,"KAANS ADMINISTRACIÓN, S.A. DE C.V.",17-12-016,"$23,918,081.96",15-Jan-18,13-Jun-18,28-Dec-17,"$7,175,424.59","CONV MOD POR PLAZO AL 31-DIC-18 CONV ADICIONAL 001 15´641,917.79 (39´559,999.75)","$6,202,698.64","$39,550,153.53"," $ 39,550,153.24 ",$0.00,100%,86%,NO ENTREGADA,1-Apr-19,"TERMINANDO TABLEROS,,CANCELERIA,, CONTINUAN LOS TRABAJOS EN AREA DE TERAPIA ADULTOS,,TRABAJANDO EN ELEVADOR DE URGENCIAS,, LIMPIEZA EN AREAS QUE SE VAYAN TERMINANDO."
1,3,1,AGUALEGUAS,CONSTRUCCIÓN,"CONSTRUCCION DE CANCHA DE FUTBOL RAPIDO EN LA COMUNIDAD LA ESCONDIDA MUNICIPIO DE AGUALEGUAS,N.L.",CONSTRUCCIONES Y DESARROLLO CRISTA SA  DE CV,17-06-005                      ,"$1,252,749.66",4-Jul-17,31-Oct-17,26-Jul-17,"$250,549.92",SIN CONVENIO,SIN CONVENIO,"$1,252,749.66"," $ 250,549.92 ","$215,991.31",20%,0%,NO ENTREGADA,No se efectuó visita porque la obra está rescindida,OBRA RESCINDIDA
1,3,2,MELCHOR OCAMPO,CONSTRUCCIÓN,"CONSTRUCCIÓN DE CENTRO CÍVICO EN EL MUNICIPIO DE MELCHOR OCAMPO, N.L.","Construcciones y Desarrollos Crista, S.A. de C.V.",17-08-012,"$5,810,034.12",5-Sep-17,2-Jan-18,28-Sep-17,"$1,162,006.82",SIN CONVENIO,SIN CONVENIO,"$5,810,034.12"," $ 1,306,820.51 ","$968,296.03",22%,0%,NO ENTREGADA,No se efectuó visita porque la obra está rescindida,OBRA RESCINDIDA
1,4,1,SAN NICOLAS DE LOS GARZZA,REMODELACIÓN,"MODERNIZACION EN LA INFRAESTRUCTURA AREA DE GOBIERNO,LABORATORIO IMAGENEOLOGIA Y TERAPIA ADULTOS(N1),CONSULTA EXTERNA(N2, N3) SERVICIOS GRALES Y VESTIBULO (PB)","BUFETE DE OBRAS, SERVICIOS Y SUMINISTROS, S.A. DE C.V.",19-02-004," $ 85,532,014.30 ",18-Feb-19,21-Dec-19,25-Feb-19," $ 25,659,604.29 ",SIN CONVENIO, SIN CONVENIO," $ 85,532,014.30 "," $ 25,659,604.29 ","$22,120,348.53",30%,0%,NO ENTREGADA,1-Apr-19,OBRA SIN INICIAR
1,5,1,ITURBIDE,CONSTRUCCIÓN,"CONSTRUCCION DE PUENTE DE CUATRO CLAROS EN EJIDO COMUNIDAD CUEVAS EN EL MUNICIPIO DE ITURBIDE, N.L.","JPG CONSTRUCCIONES, SA DE CV",17-06-002               ,"$14,618,186.54",30-Jun-17,27-Nov-17,18-Jul-17,"$2,923,637.30",SIN CONVENIO,SIN CONVENIO,"$14,618,186.54"," $ 9,944,635.87 ","$1,007,230.72",68%,40%,NO ENTREGADA,28-Dec-18,OBRA SUSPENDIDA POR DEFICIENCIAS EN LA CALIDAD DEL CONCRETO DE LOSA
1,5,2,JUAREZ,CONSTRUCCIÓN,"CONSTRUCCION DEL CENTRO DE SALUD DE SERVICIOS AMPLIADOS DE JUAREZ EN EL MUNICIPIO DE JUAREZ,N.L","VIAS DE DESARROLLO, S.A DE C.V.",18-09-003,"$49,888,321.21",20-Sep-18,2-Dec-18,19-Oct-18,"$14,966,496.36",SIN CONVENIO,"-$3,745.51","$49,884,575.70"," $ 49,872,974.11 ",$0.00,100%,83%,NO ENTREGADA,3-Apr-19,"SE ENCUENTRAN TRABAJANDO MÁS DE 5 CUADRILLAS LABORANDO EN DISTINTAS DISCIPLINAS: SUM. Y COL. DE PLAFONES, TRABAJOS DE ELECTRICIDAD, COMPACTACIÓN DE ESTACIONAMIENTO, TRABAJOS DE COL. DE AZULEJO, Y TRABAJOS DE ALBAÑILERÍA. EN LA SALA DE ESPERA SE OBSERVA INCLINACIÓN EN EL FIRME CON TENDENCIA AL  LADO NORTE, ASÍ MISMO LAS JUNTAS DEL PISO CERÁMICO SE ENCUENTRAN AL CENTRO DEL FIRME. EN LOS PASILLOS SE OBSERVA PANDEO DE LOS PLAFONES. EXISTE ESCURRIMIENTO DE PLUVIALES AL INTERIOR, ASÍ COMO EN LA FACHADA"
1,5,3,MONTERREY,CONSTRUCCIÓN,"CONSTRUCCION DE OBRA FERROVIARIA Y SISTEMA DE CATENARIA PARA LA  NAVE  DE MANTENIMIENTO MENOR Y DEPOSITO SAN BERNABE  UBICADA EN AVE. AZTLAN ENTRE CALLE ESQUISTOS Y CALLE MONTE OLIMPO COL. SAN BERNABE, MONTERREY",ALSTOM MEXICANA SA DE CV,18-06-002                           ,"$118,963,855.37",22-Jun-18,1-Mar-19,4-Jun-18,"$35,689,156.61",DIF ANTICIPO   10/JUL/2018,-$5.19,"$118,963,850.18"," $ 118,963,850.15 ",$0.00,100%,65%,NO ENTREGADA,2-Apr-19,"SE CONTINUA CON COLOC. DE BALASTRO SOBRE VIAS, SE TIENE UN 80% EN PEDESTALES PARA CATENARIA, SE COLARON TOPES AL FINAL DE LAS VIAS Y SE TRABAJA EN FIJACION DE RIELES DENTRO DE LA NAVE. "
1,5,4,MONTERREY,CONSTRUCCIÓN,"CONSTRUCCION DE AMPLIACION DE NAVE DE MANTENIMIENTO MENOR Y DEPOSITO SAN BERNABE UBICADA EN AVE AZTLAN ENTRE CALLE ESQUISTOS Y CALLE MONTE OLIMPO COL. SAN BERNABE, MONTERREY,N.L.","COTELSA, SA DE CV",18-05-002                ,"$49,844,396.68",11-Jun-18,5-Feb-19,28-Jun-18,"$14,953,319.00","DIF ANTICIPO 
13/JUL/18                              MODIF  PLAZO EJECUCION    
23/JUL/18","-$53,041.35","$49,791,355.33"," $ 49,785,804.26 ",$0.00,100%,93%,NO ENTREGADA,2-Apr-19,"SE TRABAJA EN COLOCACION DE PUERTAS ABATIBLES EN ENTRADA Y SALIDA DE NAVE, SE COLOCA TUBO DE 8"" CED-40 EN PLUVIAL DEL TECHO Y EN DETALLES."
1,6,1,APODACA,CONSTRUCCIÓN,"CONSTRUCCION DE BARDA PERIMETRAL PARA DORMITORIO DELTA, CERESO DE APODACA ,N.L.","CONSTRUCTORA MOYEDA, SA DE CV",17-11-012                                ,"$24,359,555.09",24-Nov-17,28-Feb-18,19-Dec-17,"$7,307,866.51",SIN CONVENIO,SIN CONVENIO,"$24,359,555.09"," $ 21,813,562.69 ","$940,637.59",90%,-,NO ENTREGADA,-,SE REQUIERE PERMISO PARA ENTRAR A REVISIÓN
1,6,2,APODACA,CONSTRUCCIÓN,CONSTRUCCION DEL CENTRO DE INSERCION PSICOSOCIAL(CEREPSI) UBICADO EN CARRETERA A SALINAS VICTORIA KM 1.5(INSTALACIONES DEL PENAL DE APODACA)(CENTRO ESTATAL DE REINSERCION PSICOSOCIAL(CEREPI) 1ra ETAPA FONDO DE APORTACION PARA LA SEGURIDAD PUBLICA,"CONSTRUCTORA Y URBANIZADORA CAPELANIA, SA DE CV",17-12-018                       ,"$19,244,076.26",20-Dec-17,5-Mar-18,1-Feb-18,"$5,773,222.87",SIN CONVENIO,$0.17,"$19,244,076.43"," $ 19,244,076.44 ",$0.00,100%,-,NO ENTREGADA,-,SE REQUIERE PERMISO PARA ENTRAR A REVISIÓN
1,6,3,APODACA,CONSTRUCCIÓN,CONSTRUCCION DE CELDAS DE ALTA SEGURIDAD EN EL CERESO DE APODACA,PERIMETRO GLOBAL DE INTELIGENCIA SA DE CV,18-01-004                            ,"$16,938,621.09",23-Jan-18,2-Apr-18,24-Apr-18,"$5,081,586.32",SIN CONVENIO,-$472.46,"$16,938,148.63"," $ 16,938,148.61 ",$0.00,100%,-,NO ENTREGADA,-,SE REQUIERE PERMISO PARA ENTRAR A REVISIÓN
1,6,4,APODACA,MANTENIMIENTO,"TRABAJOS DE REPARACION DE HANGAR EN LA BASE AEREA MILITAR No.14 Y REHABILITACION  TECHUMBRE CACIR 7a. ZONA MILITAR(REHABILITACION EDIFICACIONES VARIAS PERTENECIENTES ALA 7a. ZON AMILITAR ) ESCOBEDO,N.L.",PRISMA DESARROLLOS SA DE CV,17-12-005                     ,"$4,494,831.13",13-Dec-17,28-Feb-18,2-Feb-18,"$1,348,449.34",SIN CONVENIO,SIN CONVENIO,"$4,494,831.13"," $ 4,494,831.13 ",$0.00,100%,-,NO ENTREGADA,-,SE REQUIERE PERMISO PARA ENTRAR A REVISIÓN
1,6,5,ESCOBEDO,CONSTRUCCIÓN,"PRIMERA ETAPA DE LA CONSTRUCCION DE 2 DOS EDIFICIOS EN EL COMPLEJO PENITENCIARIO EN ESCOBEDO, NUEVO LEON (CENTRO DE REINSERCION FEMENIL)",PERIMETRO GLOBAL DE INTELIGENCIA SA DE CV,18-07-001              ,"$27,550,080.70",12-Jul-18,8-Dec-18,7-Aug-18,"$8,265,024.21",SIN CONVENIO,$518.80,"$27,550,599.50"," $ 27,549,597.06 ",$0.00,100%,-,NO ENTREGADA,-,SE REQUIERE PERMISO PARA ENTRAR A REVISIÓN
1,6,6,ESCOBEDO,CONSTRUCCIÓN,"CENTRO DE ATENCION INDIVIDUAL PARA ADOLESCENTES EN GENERAL ESCOBEDO,N.L.",APANCRETE NORESTE SA DE CV,18-04-002                           ,"$11,099,176.25",2-Apr-18,30-Jul-18,24-Apr-18,"$3,329,752.86",SIN CONVENIO,SIN CONVENIO,"$11,099,176.25"," $ 6,441,518.31 ","$1,720,809.56",58%,-,NO ENTREGADA,-,SE REQUIERE PERMISO PARA ENTRAR A REVISIÓN
1,6,7,ESCOBEDO,CONSTRUCCIÓN,"CONSTRUCCION D DRENAJE PLUVIAL EN CAMPO POLICIAL  NO. 1 FUERZA CIVIL, EN EL MUNICIPIO DE ESCOBEDO . N.L.",STRUCTOR CONSTRUCCIONES SA DE CV,17-10-005                    ,"$10,156,473.65",7-Nov-17,30-Apr-18,30-Oct-17,"$2,031,294.72",DIFERIMIENTO  ANTICIPO   24/nov/17                                        MODIF 1 27/MZO/18                                                            MODIF 2  19/abr/18                               ,"$1,428,954.91","$11,585,428.56"," $ 11,585,428.57 ",$0.00,100%,-,NO ENTREGADA,-,SE REQUIERE PERMISO PARA ENTRAR A REVISIÓN
1,6,8,ESCOBEDO,REMODELACIÓN,"REHABILITACION Y MEJORAS AL EDIFICIO 2 DEL CENTRO DE INSERCCION SOCIAL PARA MUJERES ETAPA 1 UBICADA EN AVE. MANUEL  BARRAGAN S/N ESQUINA LAS TORRES COL.EX HACIENDA EL CANADA, ESCOBEDO,N.L.",PERIMETRO GLOBAL DE INTELIGENCIA SA DE CV,17-11-010                                          ,"$9,343,277.56",21-Nov-17,28-Feb-18,7-Dec-17,"$2,802,983.26",21-Mar-18,"$556,723.68","$9,900,001.24"," $ 9,900,001.25 ",$0.00,100%,-,NO ENTREGADA,-,SE REQUIERE PERMISO PARA ENTRAR A REVISIÓN
1,6,9,MONTERREY,CONSTRUCCIÓN,"MODERNIZACION DE INFRAESTRUCTURA TECNOLOGICA  EN EL CENTRO DE READAPTACION SOCIAL (CERESO) TOPO CHICO (CIERRE HERMETICO DE AMBULATORIO Y DELIMITACION  DE AREAS DE TRANSITO ) DIRECCION AVE RODRIGO GOMEZ S/N COL. NUEVA MORELOS, MUNICIPIO DE NUEVO LEON",IRKON HOLDINGS SA DE CV,17-11-003                         ,"$15,042,818.79",3-Nov-17,18-Jan-18,1-Feb-18,"$3,008,563.74",SIN CONVENIO,SIN CONVENIO,"$15,042,818.79"," $ 12,378,097.41 ","$574,293.39",82%,-,NO ENTREGADA,-,SE REQUIERE PERMISO PARA ENTRAR A REVISIÓN
1,6,10,MONTERREY,CONSTRUCCIÓN,SERVICIO DE ADECUACION DE UN AREA DE VIGILANCIA EN LAS INSTALACIONES DEL EDIFICIO C5 (AREA I Y III),"OPERACIONES GLOBALES TA,SA DE CV",17-12-019                     ,"$334,998.46",21-Dec-17,28-Feb-18,1-Feb-18,"$100,499.53",SIN CONVENIO,SIN CONVENIO,"$334,998.46"," $ 334,998.46 ",$0.00,100%,-,NO ENTREGADA,-,SE REQUIERE PERMISO PARA ENTRAR A REVISIÓN
1,6,11,PESQUERÍA,CONSTRUCCIÓN,"CONSTRUCCION DE EDIFICO DE SEGURIDAD PUBLICA MUNICIPAL C4 CALLE ESCOBEDO ENTRE  IGNACIO ALLENDE Y BATALLON  DE SAN BLAS EN EL MUNICIPIO DE  PESQUERIA , NL.",CONSTRUCCIONES DYNAMO SA DE CV,17-10-014                        ,"$24,478,041.63",21-Nov-17,19-Apr-18,10-Nov-17,"$4,895,608.32",SIN CONVENIO,-$1.01,"$24,478,040.62"," $ 24,478,040.57 ",-$0.01,100%,-,NO ENTREGADA,-,SE REQUIERE PERMISO PARA ENTRAR A REVISIÓN

